frequency,mode,type
85.75,"(0, 0, 1)",axial
171.5,"(0, 1, 0)",axial
171.5,"(0, 0, 2)",axial
191.74,"(0, 1, 1)",tangential
242.54,"(0, 1, 2)",tangential
257.25,"(0, 0, 3)",axial
309.18,"(0, 1, 3)",tangential
343.0,"(0, 2, 0)",axial
343.0,"(1, 0, 0)",axial
353.56,"(1, 0, 1)",tangential
353.56,"(0, 2, 1)",tangential
383.49,"(1, 1, 0)",tangential
383.49,"(0, 2, 2)",tangential
383.49,"(1, 0, 2)",tangential
392.96,"(1, 1, 1)",oblique
420.09,"(1, 1, 2)",oblique
428.75,"(0, 2, 3)",tangential
428.75,"(1, 0, 3)",tangential
461.78,"(1, 1, 3)",oblique
485.08,"(1, 2, 0)",tangential
492.6,"(1, 2, 1)",oblique
514.5,"(0, 3, 0)",axial
514.5,"(1, 2, 2)",oblique
521.6,"(0, 3, 1)",tangential
542.33,"(0, 3, 2)",tangential
549.07,"(1, 2, 3)",oblique
575.23,"(0, 3, 3)",tangential
618.35,"(1, 3, 0)",tangential
624.27,"(1, 3, 1)",oblique
641.69,"(1, 3, 2)",oblique
669.73,"(1, 3, 3)",oblique
686.0,"(2, 0, 0)",axial
691.34,"(2, 0, 1)",tangential
707.11,"(2, 1, 0)",tangential
707.11,"(2, 0, 2)",tangential
712.29,"(2, 1, 1)",oblique
727.61,"(2, 1, 2)",oblique
732.65,"(2, 0, 3)",tangential
752.45,"(2, 1, 3)",oblique
766.97,"(2, 2, 0)",tangential
771.75,"(2, 2, 1)",oblique
785.91,"(2, 2, 2)",oblique
808.96,"(2, 2, 3)",oblique
857.5,"(2, 3, 0)",tangential
861.78,"(2, 3, 1)",oblique
874.48,"(2, 3, 2)",oblique
895.26,"(2, 3, 3)",oblique
1029.0,"(3, 0, 0)",axial
1032.57,"(3, 0, 1)",tangential
1043.19,"(3, 1, 0)",tangential
1043.19,"(3, 0, 2)",tangential
1046.71,"(3, 1, 1)",oblique
1057.2,"(3, 1, 2)",oblique
1060.67,"(3, 0, 3)",tangential
1074.44,"(3, 1, 3)",oblique
1084.66,"(3, 2, 0)",tangential
1088.05,"(3, 2, 1)",oblique
1098.14,"(3, 2, 2)",oblique
1114.75,"(3, 2, 3)",oblique
1150.46,"(3, 3, 0)",tangential
1153.65,"(3, 3, 1)",oblique
1163.17,"(3, 3, 2)",oblique
1178.87,"(3, 3, 3)",oblique
